country,year,electricity_generation,renewables_electricity,solar_electricity,wind_electricity,hydro_electricity,nuclear_electricity,fossil_electricity,carbon_intensity_elec,pct_renouvelable,pct_nucleaire
Austria,2000,59.64,43.44,0.0,0.07,41.84,0.0,16.2,203.39,72.8,0.0
Austria,2001,60.98,42.24,0.01,0.1,40.46,0.0,18.74,229.09,69.3,0.0
Austria,2002,60.63,41.9,0.01,0.14,40.23,0.0,18.73,226.13,69.1,0.0
Austria,2003,57.97,35.24,0.01,0.37,33.21,0.0,22.73,282.39,60.8,0.0
Austria,2004,61.85,39.62,0.02,0.93,36.76,0.0,22.23,259.34,64.1,0.0
Austria,2005,64.37,40.88,0.02,1.33,37.1,0.0,23.49,254.0,63.5,0.0
Austria,2006,62.21,40.66,0.02,1.75,35.66,0.0,21.55,253.01,65.4,0.0
Austria,2007,62.83,43.17,0.02,2.04,37.05,0.0,19.66,232.69,68.7,0.0
Austria,2008,64.38,44.53,0.03,2.01,38.33,0.0,19.85,220.41,69.2,0.0
Austria,2009,66.21,47.18,0.05,1.95,40.9,0.0,19.03,195.89,71.3,0.0
Austria,2010,67.82,44.99,0.09,2.06,38.36,0.0,22.83,226.78,66.3,0.0
Austria,2011,62.2,40.91,0.17,1.94,34.24,0.0,21.29,238.59,65.8,0.0
Austria,2012,68.65,51.33,0.34,2.46,43.85,0.0,17.32,185.87,74.8,0.0
Austria,2013,64.55,50.5,0.63,3.15,42.02,0.0,14.05,173.35,78.2,0.0
Austria,2014,61.55,50.2,0.79,3.85,41.01,0.0,11.35,150.45,81.6,0.0
Austria,2015,61.78,47.59,0.94,4.84,37.16,0.0,14.19,172.06,77.0,0.0
Austria,2016,64.87,51.08,1.1,5.23,39.97,0.0,13.79,154.62,78.7,0.0
Austria,2017,67.09,51.05,1.27,6.57,38.29,0.0,16.04,162.92,76.1,0.0
Austria,2018,64.67,50.06,1.46,6.03,37.64,0.0,14.61,157.88,77.4,0.0
Austria,2019,70.69,54.64,1.7,7.45,40.83,0.0,16.05,152.78,77.3,0.0
Austria,2020,69.03,55.42,2.04,6.79,42.0,0.0,13.61,133.28,80.3,0.0
Austria,2021,66.67,52.75,2.78,6.74,38.75,0.0,13.92,135.29,79.1,0.0
Austria,2022,64.47,50.41,3.79,7.24,34.63,0.0,14.06,140.84,78.2,0.0
Austria,2023,70.98,60.16,6.89,8.04,40.67,0.0,10.82,111.72,84.8,0.0
Austria,2024,78.47,67.66,8.14,9.14,45.71,0.0,10.81,103.48,86.2,0.0
Austria,2025,73.22,61.21,10.31,8.31,37.93,0.0,12.01,116.91,83.6,0.0
Belgium,2000,82.79,1.05,0.0,0.02,0.46,48.16,33.58,269.6,1.3,58.2
Belgium,2001,78.63,1.08,0.0,0.04,0.44,46.35,31.2,252.83,1.4,58.9
Belgium,2002,80.94,1.14,0.0,0.06,0.36,47.36,32.44,249.82,1.4,58.5
Belgium,2003,83.57,1.2,0.0,0.09,0.25,47.38,34.99,249.13,1.4,56.7
Belgium,2004,82.91,1.5,0.0,0.14,0.32,47.31,34.1,247.62,1.8,57.1
Belgium,2005,84.38,2.11,0.0,0.23,0.29,47.6,34.67,241.05,2.5,56.4
Belgium,2006,83.34,2.96,0.0,0.37,0.36,46.65,33.73,231.58,3.6,56.0
Belgium,2007,86.81,3.49,0.01,0.49,0.39,48.23,35.09,224.28,4.0,55.6
Belgium,2008,83.06,4.42,0.04,0.64,0.41,45.57,33.07,218.28,5.3,54.9
Belgium,2009,89.76,5.44,0.17,0.99,0.33,47.22,37.1,216.91,6.1,52.6
Belgium,2010,93.04,6.57,0.58,1.3,0.31,47.94,38.53,212.81,7.1,51.5
Belgium,2011,89.28,8.36,1.21,2.32,0.2,48.23,32.69,192.88,9.4,54.0
Belgium,2012,81.51,10.51,2.15,2.76,0.36,40.29,30.71,202.68,12.9,49.4
Belgium,2013,81.95,11.72,2.64,3.67,0.38,42.64,27.59,184.26,14.3,52.0
Belgium,2014,71.2,12.21,2.89,4.62,0.29,33.7,25.29,189.89,17.1,47.3
Belgium,2015,68.43,14.44,3.06,5.57,0.32,26.1,27.89,215.55,21.1,38.1
Belgium,2016,84.31,14.25,3.1,5.42,0.37,43.52,26.54,158.7,16.9,51.6
Belgium,2017,85.34,15.8,3.31,6.52,0.27,42.23,27.31,159.48,18.5,49.5
Belgium,2018,73.87,17.16,3.9,7.57,0.29,28.6,28.11,186.95,23.2,38.7
Belgium,2019,92.69,19.45,4.25,9.75,0.3,43.52,29.72,156.54,21.0,47.0
Belgium,2020,88.29,23.45,5.11,12.81,0.27,34.43,30.41,166.61,26.6,39.0
Belgium,2021,99.4,22.75,5.62,12.0,0.42,50.33,26.32,131.79,22.9,50.6
Belgium,2022,94.33,24.43,6.88,12.35,0.27,43.88,26.02,139.4,25.9,46.5
Belgium,2023,82.13,27.46,7.83,15.44,0.4,32.93,21.74,134.67,33.4,40.1
Belgium,2024,76.01,26.78,8.56,14.06,0.55,31.25,17.98,126.96,35.2,41.1
Belgium,2025,72.89,28.38,10.45,13.72,0.44,24.11,20.4,149.82,38.9,33.1
Bulgaria,2000,40.59,2.63,0.0,0.0,2.63,18.18,19.78,458.24,6.5,44.8
Bulgaria,2001,43.44,1.65,0.0,0.0,1.65,19.55,22.24,484.35,3.8,45.0
Bulgaria,2002,42.08,2.12,0.0,0.0,2.12,20.22,19.74,444.63,5.0,48.1
Bulgaria,2003,42.28,2.99,0.0,0.0,2.99,17.28,22.01,492.9,7.1,40.9
Bulgaria,2004,41.36,3.14,0.0,0.0,3.14,16.82,21.4,493.71,7.6,40.7
Bulgaria,2005,43.89,4.3,0.0,0.0,4.3,18.65,20.94,453.86,9.8,42.5
Bulgaria,2006,45.44,4.23,0.0,0.02,4.21,19.49,21.72,451.81,9.3,42.9
Bulgaria,2007,42.82,2.88,0.0,0.05,2.83,14.64,25.3,558.62,6.7,34.2
Bulgaria,2008,44.49,2.93,0.0,0.12,2.79,15.77,25.79,550.91,6.6,35.4
Bulgaria,2009,42.31,3.68,0.0,0.24,3.43,15.26,23.37,528.48,8.7,36.1
Bulgaria,2010,45.93,5.76,0.01,0.68,5.03,15.25,24.92,521.01,12.5,33.2
Bulgaria,2011,49.96,3.89,0.1,0.86,2.87,16.31,29.76,577.66,7.8,32.6
Bulgaria,2012,46.46,5.25,0.78,1.22,3.18,15.78,25.43,525.4,11.3,34.0
Bulgaria,2013,43.02,6.91,1.39,1.37,4.04,14.17,21.94,487.45,16.1,32.9
Bulgaria,2014,46.92,7.39,1.26,1.33,4.6,15.87,23.66,487.0,15.8,33.8
Bulgaria,2015,48.71,8.75,1.38,1.45,5.65,15.38,24.58,494.56,18.0,31.6
Bulgaria,2016,44.53,7.04,1.39,1.42,3.88,15.78,21.71,472.04,15.8,35.4
Bulgaria,2017,44.84,6.13,1.4,1.5,2.83,15.55,23.16,502.9,13.7,34.7
Bulgaria,2018,46.51,9.38,1.34,1.32,5.15,16.13,21.0,442.7,20.2,34.7
Bulgaria,2019,43.72,7.49,1.42,1.32,2.93,16.56,19.67,438.7,17.1,37.9
Bulgaria,2020,40.14,7.47,1.47,1.48,2.82,16.63,16.04,383.91,18.6,41.4
Bulgaria,2021,47.22,10.31,1.47,1.43,4.82,16.49,20.42,415.29,21.8,34.9
Bulgaria,2022,50.28,9.63,2.09,1.5,3.8,16.46,24.19,476.33,19.2,32.7
Bulgaria,2023,40.08,10.05,3.52,1.58,3.08,16.16,13.87,338.32,25.1,40.3
Bulgaria,2024,38.3,11.46,5.49,1.46,2.79,15.78,11.06,278.85,29.9,41.2
Bulgaria,2025,37.96,12.45,6.89,1.32,2.53,14.85,10.66,275.55,32.8,39.1
Croatia,2000,11.21,6.45,0.0,0.0,6.45,0.0,4.76,302.41,57.5,0.0
Croatia,2001,12.75,7.18,0.0,0.0,7.18,0.0,5.57,306.67,56.3,0.0
Croatia,2002,12.69,5.85,0.0,0.0,5.85,0.0,6.84,370.37,46.1,0.0
Croatia,2003,13.16,5.46,0.0,0.0,5.46,0.0,7.7,414.13,41.5,0.0
Croatia,2004,13.87,7.63,0.0,0.0,7.63,0.0,6.24,315.07,55.0,0.0
Croatia,2005,13.05,7.06,0.0,0.01,7.04,0.0,5.99,336.4,54.1,0.0
Croatia,2006,12.91,6.65,0.0,0.02,6.62,0.0,6.26,347.02,51.5,0.0
Croatia,2007,12.54,4.74,0.0,0.03,4.7,0.0,7.8,420.26,37.8,0.0
Croatia,2008,12.78,5.84,0.0,0.04,5.78,0.0,6.94,382.63,45.7,0.0
Croatia,2009,13.35,7.48,0.0,0.05,7.41,0.0,5.87,301.87,56.0,0.0
Croatia,2010,14.79,9.3,0.0,0.14,9.13,0.0,5.49,268.43,62.9,0.0
Croatia,2011,11.23,5.28,0.0,0.2,5.03,0.0,5.95,374.89,47.0,0.0
Croatia,2012,10.57,5.26,0.0,0.33,4.84,0.0,5.31,351.94,49.8,0.0
Croatia,2013,13.94,9.28,0.01,0.52,8.62,0.0,4.66,256.1,66.6,0.0
Croatia,2014,13.43,9.94,0.04,0.73,9.01,0.0,3.49,226.36,74.0,0.0
Croatia,2015,11.24,7.52,0.06,0.8,6.39,0.0,3.72,274.91,66.9,0.0
Croatia,2016,12.6,8.36,0.07,1.01,6.85,0.0,4.24,275.4,66.3,0.0
Croatia,2017,11.77,7.12,0.08,1.2,5.31,0.0,4.65,255.74,60.5,0.0
Croatia,2018,13.52,9.78,0.07,1.34,7.7,0.0,3.74,201.18,72.3,0.0
Croatia,2019,12.65,8.35,0.08,1.47,5.83,0.0,4.3,242.69,66.0,0.0
Croatia,2020,13.23,8.55,0.1,1.72,5.66,0.0,4.68,226.76,64.6,0.0
Croatia,2021,15.11,10.53,0.15,2.06,7.13,0.0,4.58,210.46,69.7,0.0
Croatia,2022,14.1,8.95,0.15,2.14,5.46,0.0,5.15,244.68,63.5,0.0
Croatia,2023,17.44,12.23,0.41,2.59,8.16,0.0,5.21,194.95,70.1,0.0
Croatia,2024,15.29,11.23,0.82,2.68,6.73,0.0,4.06,170.7,73.4,0.0
Croatia,2025,14.7,11.21,1.29,3.15,5.77,0.0,3.49,158.5,76.3,0.0
Czechia,2000,72.9,2.28,0.0,0.0,1.76,13.59,57.03,767.08,3.1,18.6
Czechia,2001,74.22,2.57,0.0,0.0,2.05,14.75,56.9,751.82,3.5,19.9
Czechia,2002,76.0,2.99,0.0,0.0,2.49,18.74,54.27,699.34,3.9,24.7
Czechia,2003,82.79,1.87,0.0,0.0,1.38,25.87,55.05,651.89,2.3,31.2
Czechia,2004,83.79,2.74,0.0,0.01,2.02,26.33,54.72,640.17,3.3,31.4
Czechia,2005,81.93,3.13,0.0,0.02,2.38,24.73,54.07,646.65,3.8,30.2
Czechia,2006,83.66,3.52,0.0,0.05,2.55,26.05,54.09,634.11,4.2,31.1
Czechia,2007,87.77,3.42,0.0,0.13,2.09,26.17,58.18,652.27,3.9,29.8
Czechia,2008,83.28,3.72,0.01,0.24,2.02,26.55,53.01,627.52,4.5,31.9
Czechia,2009,81.64,4.66,0.09,0.29,2.43,27.21,49.77,603.14,5.7,33.3
Czechia,2010,85.22,5.91,0.62,0.34,2.79,28.0,51.31,593.64,6.9,32.9
Czechia,2011,86.64,7.24,2.18,0.4,1.96,28.28,51.12,583.56,8.4,32.6
Czechia,2012,86.58,8.07,2.15,0.42,2.13,30.32,48.19,552.78,9.3,35.0
Czechia,2013,85.91,9.3,2.03,0.48,2.73,30.75,45.86,527.53,10.8,35.8
Czechia,2014,84.98,9.17,2.12,0.48,1.91,30.33,45.48,530.83,10.8,35.7
Czechia,2015,82.49,9.41,2.26,0.57,1.79,26.84,46.24,553.16,11.4,32.5
Czechia,2016,82.0,9.39,2.13,0.5,2.0,24.1,48.51,573.9,11.5,29.4
Czechia,2017,85.76,9.63,2.2,0.59,1.87,28.34,47.79,542.33,11.2,33.0
Czechia,2018,86.84,9.43,2.36,0.61,1.63,29.92,47.49,532.59,10.9,34.5
Czechia,2019,85.72,10.06,2.32,0.7,2.01,30.25,45.41,503.5,11.7,35.3
Czechia,2020,80.1,10.34,2.29,0.7,2.14,30.04,39.72,460.18,12.9,37.5
Czechia,2021,83.66,10.64,2.25,0.6,2.41,30.73,42.29,471.79,12.7,36.7
Czechia,2022,83.73,10.77,2.63,0.64,2.09,31.02,41.94,488.36,12.9,37.0
Czechia,2023,75.8,11.14,2.89,0.7,2.36,30.41,34.25,442.61,14.7,40.1
Czechia,2024,72.81,12.3,3.59,0.67,2.66,29.7,30.81,414.23,16.9,40.8
Czechia,2025,75.5,12.72,4.39,0.57,1.71,31.94,30.84,401.46,16.8,42.3
Denmark,2000,35.85,5.57,0.0,4.24,0.03,0.0,30.28,627.89,15.5,0.0
Denmark,2001,37.54,5.85,0.0,4.31,0.03,0.0,31.69,630.79,15.6,0.0
Denmark,2002,39.1,6.79,0.0,4.88,0.03,0.0,32.31,618.67,17.4,0.0
Denmark,2003,45.97,8.07,0.0,5.56,0.02,0.0,37.9,651.51,17.6,0.0
Denmark,2004,40.24,9.53,0.0,6.59,0.03,0.0,30.71,581.26,23.7,0.0
Denmark,2005,36.08,9.8,0.0,6.61,0.02,0.0,26.28,552.66,27.2,0.0
Denmark,2006,45.44,9.19,0.0,6.1,0.02,0.0,36.25,635.34,20.2,0.0
Denmark,2007,39.14,10.3,0.0,7.17,0.03,0.0,28.84,597.09,26.3,0.0
Denmark,2008,36.48,10.1,0.0,6.93,0.03,0.0,26.38,577.3,27.7,0.0
Denmark,2009,36.25,10.07,0.0,6.73,0.02,0.0,26.18,582.9,27.8,0.0
Denmark,2010,38.75,12.43,0.01,7.81,0.02,0.0,26.32,540.39,32.1,0.0
Denmark,2011,35.11,14.17,0.01,9.77,0.02,0.0,20.94,486.47,40.4,0.0
Denmark,2012,30.57,14.84,0.1,10.27,0.02,0.0,15.73,431.14,48.5,0.0
Denmark,2013,34.61,15.96,0.52,11.12,0.01,0.0,18.65,472.41,46.1,0.0
Denmark,2014,32.04,17.99,0.6,13.08,0.02,0.0,14.05,400.75,56.1,0.0
Denmark,2015,28.78,18.93,0.6,14.13,0.02,0.0,9.85,313.76,65.8,0.0
Denmark,2016,30.4,18.39,0.74,12.78,0.02,0.0,12.01,360.86,60.5,0.0
Denmark,2017,30.9,21.8,0.75,14.78,0.02,0.0,9.1,282.85,70.6,0.0
Denmark,2018,30.21,20.75,0.95,13.9,0.01,0.0,9.46,296.92,68.7,0.0
Denmark,2019,29.37,23.07,0.96,16.15,0.02,0.0,6.3,204.29,78.5,0.0
Denmark,2020,28.58,23.45,1.18,16.33,0.02,0.0,5.13,188.94,82.1,0.0
Denmark,2021,32.92,26.1,1.31,16.05,0.02,0.0,6.82,222.97,79.3,0.0
Denmark,2022,35.16,28.43,2.38,19.02,0.01,0.0,6.73,203.64,80.9,0.0
Denmark,2023,33.89,29.28,3.66,19.39,0.02,0.0,4.61,151.96,86.4,0.0
Denmark,2024,35.06,31.27,3.78,20.41,0.02,0.0,3.79,131.77,89.2,0.0
Denmark,2025,33.3,30.36,4.45,19.21,0.02,0.0,2.94,114.41,91.2,0.0
Finland,2000,69.97,23.38,0.0,0.08,14.66,22.48,24.11,246.82,33.4,32.1
Finland,2001,74.45,21.54,0.0,0.07,13.2,22.77,30.14,284.89,28.9,30.6
Finland,2002,74.92,19.83,0.0,0.06,10.78,22.3,32.79,316.2,26.5,29.8
Finland,2003,84.28,19.06,0.0,0.09,9.59,22.73,42.49,371.38,22.6,27.0
Finland,2004,85.84,25.63,0.0,0.12,15.07,22.72,37.49,325.37,29.9,26.5
Finland,2005,70.56,23.46,0.0,0.17,13.78,23.27,23.83,230.87,33.2,33.0
Finland,2006,82.29,22.46,0.0,0.16,11.49,22.91,36.92,335.76,27.3,27.8
Finland,2007,81.17,24.32,0.0,0.19,14.18,23.42,33.43,309.1,30.0,28.9
Finland,2008,77.35,27.77,0.0,0.26,17.11,22.96,26.62,246.15,35.9,29.7
Finland,2009,72.06,21.7,0.0,0.28,12.69,23.53,26.83,276.16,30.1,32.7
Finland,2010,80.64,24.18,0.0,0.29,12.92,22.8,33.66,314.86,30.0,28.3
Finland,2011,73.5,24.18,0.01,0.48,12.45,23.19,26.13,268.16,32.9,31.6
Finland,2012,70.41,28.56,0.01,0.49,16.86,22.99,18.86,215.17,40.6,32.7
Finland,2013,71.26,25.63,0.01,0.77,12.84,23.61,22.02,257.65,36.0,33.1
Finland,2014,68.1,26.28,0.01,1.11,13.4,23.58,18.24,226.43,38.6,34.6
Finland,2015,68.61,30.53,0.01,2.33,16.77,23.25,14.83,182.04,44.5,33.9
Finland,2016,68.75,30.41,0.02,3.07,15.8,23.2,15.14,199.56,44.2,33.7
Finland,2017,67.52,31.47,0.05,4.79,14.77,22.48,13.57,186.17,46.6,33.3
Finland,2018,70.23,32.14,0.09,5.84,13.3,22.79,15.3,193.37,45.8,32.5
Finland,2019,68.61,31.88,0.15,6.02,12.42,23.87,12.86,171.55,46.5,34.8
Finland,2020,69.24,35.93,0.22,8.26,15.88,23.29,10.02,130.27,51.9,33.6
Finland,2021,72.11,38.18,0.3,8.51,15.79,23.6,10.33,135.63,52.9,32.7
Finland,2022,72.17,38.66,0.39,12.02,13.49,25.34,8.17,129.97,53.6,35.1
Finland,2023,81.52,42.3,0.72,15.04,15.2,34.31,4.91,81.21,51.9,42.1
Finland,2024,82.55,46.11,0.94,20.48,14.3,32.6,3.84,66.63,55.9,39.5
Finland,2025,82.3,46.47,0.98,22.58,12.44,32.82,3.01,57.47,56.5,39.9
France,2000,532.56,67.83,0.01,0.05,64.78,415.16,49.57,79.77,12.7,78.0
France,2001,542.6,76.09,0.01,0.13,72.62,421.08,45.43,68.63,14.0,77.6
France,2002,551.24,62.69,0.01,0.27,58.88,436.76,51.79,75.21,11.4,79.2
France,2003,559.13,61.47,0.01,0.39,57.35,441.07,56.59,80.86,11.0,78.9
France,2004,566.3,62.42,0.01,0.59,58.04,448.24,55.64,77.19,11.0,79.2
France,2005,569.14,54.98,0.01,0.96,50.14,451.53,62.63,85.53,9.7,79.3
France,2006,567.3,60.91,0.01,2.18,54.88,450.19,56.2,76.57,10.7,79.4
France,2007,561.84,64.3,0.02,4.07,55.99,439.73,57.81,80.11,11.4,78.3
France,2008,566.98,72.33,0.04,5.69,62.16,439.45,55.2,76.03,12.8,77.5
France,2009,528.87,68.15,0.17,7.91,55.49,409.74,50.98,75.6,12.9,77.5
France,2010,562.36,76.68,0.62,9.94,61.2,428.52,57.16,78.56,13.6,76.2
France,2011,567.65,66.02,2.33,12.37,45.74,442.39,59.24,74.62,11.6,77.9
France,2012,567.58,85.25,4.43,15.18,59.83,425.41,56.92,77.59,15.0,75.0
France,2013,576.75,99.43,5.19,16.14,71.92,423.68,53.64,76.29,17.2,73.5
France,2014,566.31,94.03,6.39,17.32,63.77,436.48,35.8,52.22,16.6,77.1
France,2015,574.14,91.84,7.75,21.42,55.56,437.43,44.87,59.17,16.0,76.2
France,2016,558.84,99.0,8.66,21.38,60.84,403.2,56.64,68.62,17.7,72.1
France,2017,555.74,91.91,8.87,24.61,50.0,398.36,65.47,78.31,16.5,71.7
France,2018,576.24,113.85,11.15,28.6,65.11,412.94,49.45,59.92,19.8,71.7
France,2019,565.52,112.9,12.02,34.72,56.91,399.01,53.61,59.79,20.0,70.6
France,2020,527.25,125.03,13.09,40.05,62.52,353.83,48.39,59.08,23.7,67.1
France,2021,550.31,122.1,15.28,37.12,59.54,379.36,48.85,59.8,22.2,68.9
France,2022,468.45,113.37,19.34,38.2,45.56,294.73,60.35,78.54,24.2,62.9
France,2023,518.75,139.49,22.59,50.48,55.9,338.2,41.06,53.26,26.9,65.2
France,2024,561.78,152.67,24.87,45.43,71.12,380.45,28.66,40.48,27.2,67.7
France,2025,569.98,148.56,31.82,46.49,59.41,392.07,29.35,41.44,26.1,68.8
Germany,2000,568.95,35.41,0.0,9.35,21.73,169.61,363.93,573.16,6.2,29.8
Germany,2001,578.94,37.88,0.1,10.46,22.73,171.3,369.76,565.48,6.5,29.6
Germany,2002,583.76,44.49,0.2,15.86,23.12,164.84,374.43,569.62,7.6,28.2
Germany,2003,602.03,46.67,0.31,19.09,18.32,165.06,390.3,570.01,7.8,27.4
Germany,2004,609.6,57.97,0.56,26.02,20.75,167.07,384.56,554.71,9.5,27.4
Germany,2005,613.34,63.43,1.31,27.77,19.64,163.05,386.86,546.3,10.3,26.6
Germany,2006,630.2,72.56,2.27,31.32,20.03,167.27,390.37,536.21,11.5,26.5
Germany,2007,631.1,89.44,3.14,40.51,21.17,140.53,401.13,551.81,14.2,22.3
Germany,2008,632.29,94.37,4.51,41.38,20.44,148.49,389.43,525.41,14.9,23.5
Germany,2009,587.96,96.08,6.72,39.42,19.03,134.93,356.95,521.55,16.3,22.9
Germany,2010,624.21,105.41,11.96,38.55,20.95,140.56,378.24,516.65,16.9,22.5
Germany,2011,605.0,124.43,19.99,49.86,17.67,107.97,372.6,529.67,20.6,17.8
Germany,2012,619.81,143.4,26.74,51.68,21.75,99.46,376.95,534.16,23.1,16.0
Germany,2013,629.69,151.95,30.62,52.74,23.0,97.29,380.45,538.04,24.1,15.5
Germany,2014,618.75,161.93,35.45,58.5,19.59,97.13,359.69,521.68,26.2,15.7
Germany,2015,639.17,188.14,38.08,80.62,18.98,91.79,359.24,503.59,29.4,14.4
Germany,2016,641.52,189.13,37.56,79.92,20.55,84.63,367.76,498.3,29.5,13.2
Germany,2017,644.46,215.68,38.76,105.69,20.15,76.32,352.46,469.71,33.5,11.8
Germany,2018,632.28,222.93,44.32,109.95,17.69,76.0,333.35,454.55,35.3,12.0
Germany,2019,600.09,241.17,45.22,125.89,19.73,75.07,283.85,392.51,40.2,12.5
Germany,2020,566.75,251.49,49.5,132.11,18.72,64.38,250.88,355.61,44.4,11.4
Germany,2021,578.83,232.5,49.34,114.16,19.66,69.13,277.2,394.64,40.2,11.9
Germany,2022,566.88,251.54,60.3,124.81,17.62,34.71,280.63,419.74,44.4,6.1
Germany,2023,506.72,277.1,63.87,140.54,21.24,7.22,222.4,362.92,54.7,1.4
Germany,2024,495.99,290.86,74.13,141.6,23.83,0.0,205.13,336.38,58.6,0.0
Germany,2025,500.47,295.74,89.62,136.03,19.56,0.0,204.73,329.65,59.1,0.0
Greece,2000,52.94,4.14,0.0,0.45,3.69,0.0,48.8,822.82,7.8,0.0
Greece,2001,52.54,2.94,0.0,0.76,2.1,0.0,49.6,845.64,5.6,0.0
Greece,2002,53.36,3.58,0.0,0.65,2.8,0.0,49.78,827.59,6.7,0.0
Greece,2003,57.28,5.89,0.0,1.02,4.77,0.0,51.39,790.33,10.3,0.0
Greece,2004,58.22,5.91,0.0,1.12,4.67,0.0,52.31,786.16,10.2,0.0
Greece,2005,58.73,6.41,0.0,1.27,5.02,0.0,52.32,782.56,10.9,0.0
Greece,2006,59.41,7.67,0.0,1.7,5.86,0.0,51.74,743.14,12.9,0.0
Greece,2007,62.4,4.59,0.0,1.82,2.59,0.0,57.81,776.92,7.4,0.0
Greece,2008,62.18,5.75,0.01,2.24,3.31,0.0,56.43,758.93,9.2,0.0
Greece,2009,60.34,8.16,0.05,2.54,5.35,0.0,52.18,747.1,13.5,0.0
Greece,2010,56.61,10.53,0.16,2.71,7.47,0.0,46.08,707.3,18.6,0.0
Greece,2011,58.45,8.15,0.61,3.32,4.01,0.0,50.3,725.06,13.9,0.0
Greece,2012,59.91,10.13,1.69,3.85,4.39,0.0,49.78,704.06,16.9,0.0
Greece,2013,56.37,14.36,3.65,4.14,6.35,0.0,42.01,636.69,25.5,0.0
Greece,2014,49.62,12.18,3.79,3.69,4.48,0.0,37.44,667.88,24.5,0.0
Greece,2015,51.05,14.85,3.9,4.62,6.1,0.0,36.2,603.53,29.1,0.0
Greece,2016,53.84,14.89,3.93,5.15,5.54,0.0,38.95,571.51,27.7,0.0
Greece,2017,54.8,13.8,3.99,5.54,3.96,0.0,41.0,579.75,25.2,0.0
Greece,2018,52.61,16.14,3.79,6.3,5.74,0.0,36.47,545.14,30.7,0.0
Greece,2019,47.95,16.1,4.43,7.27,4.0,0.0,31.85,496.98,33.6,0.0
Greece,2020,47.51,17.55,4.45,9.31,3.34,0.0,29.96,423.07,36.9,0.0
Greece,2021,54.24,22.13,5.25,10.48,5.9,0.0,32.11,383.11,40.8,0.0
Greece,2022,51.67,22.45,7.14,10.88,3.86,0.0,29.22,376.81,43.4,0.0
Greece,2023,48.93,24.38,8.89,11.02,3.82,0.0,24.55,336.4,49.8,0.0
Greece,2024,57.08,28.1,11.26,12.55,3.58,0.0,28.98,321.65,49.2,0.0
Greece,2025,58.27,28.96,12.92,11.91,3.42,0.0,29.31,315.09,49.7,0.0
Hungary,2000,35.19,0.24,0.0,0.0,0.18,14.18,20.77,450.98,0.7,40.3
Hungary,2001,36.42,0.26,0.0,0.0,0.19,14.13,22.03,439.04,0.7,38.8
Hungary,2002,36.15,0.23,0.0,0.0,0.19,13.95,21.97,432.37,0.6,38.6
Hungary,2003,34.13,0.33,0.0,0.0,0.17,11.01,22.79,468.8,1.0,32.3
Hungary,2004,33.71,0.94,0.0,0.01,0.2,11.91,20.86,431.33,2.8,35.3
Hungary,2005,35.75,1.87,0.0,0.01,0.2,13.83,20.05,382.66,5.2,38.7
Hungary,2006,35.85,1.49,0.0,0.04,0.19,13.46,20.9,389.96,4.2,37.5
Hungary,2007,39.96,1.88,0.0,0.11,0.21,14.68,23.4,385.89,4.7,36.7
Hungary,2008,40.02,2.35,0.0,0.2,0.21,14.82,22.85,376.06,5.9,37.0
Hungary,2009,35.91,2.89,0.0,0.33,0.23,15.43,17.59,343.92,8.0,43.0
Hungary,2010,37.36,3.02,0.0,0.53,0.19,15.76,18.58,341.01,8.1,42.2
Hungary,2011,36.02,2.71,0.0,0.63,0.22,15.69,17.62,341.2,7.5,43.6
Hungary,2012,34.62,2.64,0.01,0.77,0.21,15.79,16.19,332.76,7.6,45.6
Hungary,2013,30.27,2.78,0.02,0.72,0.21,15.37,12.12,317.48,9.2,50.8
Hungary,2014,29.39,3.16,0.07,0.66,0.3,15.65,10.58,300.1,10.8,53.2
Hungary,2015,30.33,3.22,0.14,0.69,0.23,15.83,11.28,299.04,10.6,52.2
Hungary,2016,31.88,3.25,0.24,0.68,0.26,16.05,12.58,300.19,10.2,50.3
Hungary,2017,32.92,3.48,0.35,0.76,0.22,16.1,13.34,290.71,10.6,48.9
Hungary,2018,32.05,3.77,0.63,0.61,0.22,15.73,12.55,284.56,11.8,49.1
Hungary,2019,34.28,4.7,1.5,0.73,0.22,16.29,13.29,266.04,13.7,47.5
Hungary,2020,34.92,5.52,2.46,0.65,0.24,16.06,13.34,257.45,15.8,46.0
Hungary,2021,36.1,6.91,3.8,0.66,0.21,15.99,13.2,238.5,19.1,44.3
Hungary,2022,35.78,7.66,4.73,0.61,0.18,15.81,12.31,228.9,21.4,44.2
Hungary,2023,35.54,9.38,6.93,0.65,0.22,15.92,10.24,196.12,26.4,44.8
Hungary,2024,38.0,11.96,9.2,0.69,0.23,16.02,10.02,184.47,31.5,42.2
Hungary,2025,40.24,14.21,10.98,0.6,0.23,16.1,9.93,163.02,35.3,40.0
Ireland,2000,23.63,1.19,0.0,0.25,0.85,0.0,22.44,632.67,5.0,0.0
Ireland,2001,24.59,1.04,0.0,0.34,0.6,0.0,23.55,641.32,4.2,0.0
Ireland,2002,24.8,1.38,0.0,0.39,0.91,0.0,23.42,615.73,5.6,0.0
Ireland,2003,24.83,1.15,0.0,0.46,0.6,0.0,23.68,595.65,4.6,0.0
Ireland,2004,25.2,1.41,0.0,0.67,0.63,0.0,23.79,591.27,5.6,0.0
Ireland,2005,25.6,1.89,0.0,1.13,0.63,0.0,23.71,592.97,7.4,0.0
Ireland,2006,27.1,2.5,0.0,1.65,0.72,0.0,24.6,559.41,9.2,0.0
Ireland,2007,28.36,2.84,0.0,1.99,0.67,0.0,25.52,535.61,10.0,0.0
Ireland,2008,29.93,3.64,0.0,2.45,0.97,0.0,26.29,516.87,12.2,0.0
Ireland,2009,27.98,4.16,0.0,3.0,0.9,0.0,23.82,486.78,14.9,0.0
Ireland,2010,28.16,3.77,0.0,2.86,0.6,0.0,24.39,478.69,13.4,0.0
Ireland,2011,27.2,5.5,0.0,4.45,0.71,0.0,21.7,455.88,20.2,0.0
Ireland,2012,27.16,5.32,0.0,4.08,0.8,0.0,21.84,483.06,19.6,0.0
Ireland,2013,25.62,5.71,0.0,4.62,0.6,0.0,19.91,462.92,22.3,0.0
Ireland,2014,25.86,6.47,0.0,5.22,0.71,0.0,19.39,446.25,25.0,0.0
Ireland,2015,28.16,7.97,0.0,6.68,0.81,0.0,20.19,439.28,28.3,0.0
Ireland,2016,30.3,7.61,0.0,6.25,0.68,0.0,22.69,442.57,25.1,0.0
Ireland,2017,30.79,9.01,0.01,7.57,0.69,0.0,21.78,404.03,29.3,0.0
Ireland,2018,31.04,10.34,0.02,8.78,0.69,0.0,20.7,362.44,33.3,0.0
Ireland,2019,30.87,11.95,0.03,10.18,0.89,0.0,18.92,311.95,38.7,0.0
Ireland,2020,32.16,13.65,0.06,11.74,0.93,0.0,18.51,291.05,42.4,0.0
Ireland,2021,31.74,11.76,0.08,9.94,0.75,0.0,19.98,351.92,37.1,0.0
Ireland,2022,33.79,13.25,0.15,11.39,0.7,0.0,20.54,330.87,39.2,0.0
Ireland,2023,31.55,14.28,0.65,11.86,0.94,0.0,17.27,282.41,45.3,0.0
Ireland,2024,31.08,14.46,1.09,11.6,0.77,0.0,16.62,270.91,46.5,0.0
Ireland,2025,30.95,14.9,1.47,11.76,0.65,0.0,16.05,256.54,48.1,0.0
Italy,2000,269.94,50.87,0.02,0.56,44.2,0.0,219.07,501.67,18.8,0.0
Italy,2001,271.9,54.35,0.02,1.18,46.81,0.0,217.55,498.68,20.0,0.0
Italy,2002,277.53,48.31,0.02,1.4,39.52,0.0,229.22,523.08,17.4,0.0
Italy,2003,286.27,46.86,0.02,1.46,36.67,0.0,239.41,523.25,16.4,0.0
Italy,2004,293.71,53.87,0.03,1.84,42.34,0.0,239.84,510.98,18.3,0.0
Italy,2005,294.63,48.43,0.03,2.34,36.07,0.0,246.2,510.17,16.4,0.0
Italy,2006,305.61,50.64,0.04,2.97,36.99,0.0,254.97,506.76,16.6,0.0
Italy,2007,306.17,47.72,0.04,4.03,32.82,0.0,258.45,504.75,15.6,0.0
Italy,2008,311.57,58.16,0.19,4.86,41.62,0.0,253.41,485.51,18.7,0.0
Italy,2009,286.36,69.26,0.68,6.54,49.14,0.0,217.1,458.58,24.2,0.0
Italy,2010,296.63,76.97,1.91,9.12,51.12,0.0,219.66,446.45,25.9,0.0
Italy,2011,298.37,82.95,10.8,9.85,45.82,0.0,215.42,445.59,27.8,0.0
Italy,2012,295.25,92.22,18.86,13.41,41.87,0.0,203.03,438.17,31.2,0.0
Italy,2013,286.02,112.0,21.59,14.9,52.77,0.0,174.02,398.96,39.2,0.0
Italy,2014,276.53,120.68,22.31,15.18,58.55,0.0,155.85,379.31,43.6,0.0
Italy,2015,279.7,108.89,22.94,14.84,45.54,0.0,170.81,398.68,38.9,0.0
Italy,2016,285.95,108.01,22.1,17.69,42.43,0.0,177.94,389.58,37.8,0.0
Italy,2017,292.09,103.89,24.38,17.74,36.2,0.0,188.2,392.82,35.6,0.0
Italy,2018,286.06,114.41,22.65,17.72,48.79,0.0,171.65,366.88,40.0,0.0
Italy,2019,289.99,115.83,23.69,20.2,46.32,0.0,174.16,351.32,39.9,0.0
Italy,2020,276.81,116.9,24.94,18.76,47.55,0.0,159.91,334.2,42.2,0.0
Italy,2021,285.49,116.33,25.04,20.93,45.39,0.0,169.16,339.1,40.7,0.0
Italy,2022,280.17,100.46,28.12,20.49,28.4,0.0,179.71,377.84,35.9,0.0
Italy,2023,261.55,116.52,30.71,23.59,40.52,0.0,145.03,323.23,44.5,0.0
Italy,2024,267.56,134.24,35.99,22.22,53.13,0.0,133.32,281.4,50.2,0.0
Italy,2025,264.7,129.11,44.63,21.48,41.7,0.0,135.59,284.78,48.8,0.0
Netherlands,2000,88.06,2.97,0.01,0.83,0.14,3.93,81.16,540.31,3.4,4.5
Netherlands,2001,92.14,3.31,0.01,0.83,0.12,3.98,84.85,541.03,3.6,4.3
Netherlands,2002,94.64,3.98,0.02,0.95,0.11,3.91,86.75,538.78,4.2,4.1
Netherlands,2003,95.47,3.96,0.03,1.32,0.07,4.02,87.49,540.8,4.1,4.2
Netherlands,2004,99.82,5.3,0.03,1.87,0.09,3.82,90.7,522.74,5.3,3.8
Netherlands,2005,98.53,7.46,0.04,2.07,0.09,4.0,87.07,511.72,7.6,4.1
Netherlands,2006,97.52,8.06,0.04,2.74,0.11,3.47,85.99,511.38,8.3,3.6
Netherlands,2007,103.68,7.59,0.04,3.44,0.11,4.2,91.89,509.74,7.3,4.1
Netherlands,2008,106.21,9.53,0.04,4.26,0.1,4.17,92.51,494.4,9.0,3.9
Netherlands,2009,112.35,10.83,0.04,4.58,0.1,4.25,97.27,486.69,9.6,3.8
Netherlands,2010,118.1,11.19,0.06,3.99,0.1,3.97,102.94,478.15,9.5,3.4
Netherlands,2011,112.64,12.32,0.1,5.1,0.06,4.14,96.18,472.3,10.9,3.7
Netherlands,2012,102.27,12.47,0.19,4.98,0.1,3.91,85.89,494.48,12.2,3.8
Netherlands,2013,100.56,12.1,0.41,5.63,0.11,2.89,85.57,500.6,12.0,2.9
Netherlands,2014,102.1,11.65,0.73,5.8,0.11,4.09,86.36,521.25,11.4,4.0
Netherlands,2015,108.99,13.69,1.11,7.55,0.09,4.08,91.22,551.43,12.6,3.7
Netherlands,2016,113.96,14.78,1.6,8.17,0.1,3.96,95.22,524.57,13.0,3.5
Netherlands,2017,116.04,17.43,2.2,10.57,0.06,3.4,95.21,489.66,15.0,2.9
Netherlands,2018,113.1,18.88,3.71,10.55,0.07,3.51,90.71,467.11,16.7,3.1
Netherlands,2019,120.05,22.8,5.4,11.51,0.07,3.91,93.34,410.0,19.0,3.3
Netherlands,2020,121.96,32.73,8.57,15.27,0.05,4.09,85.14,342.9,26.8,3.4
Netherlands,2021,120.89,40.44,11.3,18.13,0.09,3.83,76.62,351.97,33.5,3.2
Netherlands,2022,119.96,48.1,16.66,21.57,0.05,4.16,67.7,325.61,40.1,3.5
Netherlands,2023,119.96,56.84,19.61,29.52,0.07,3.99,59.13,268.17,47.4,3.3
Netherlands,2024,122.33,62.07,21.82,33.48,0.09,3.57,56.69,250.72,50.7,2.9
Netherlands,2025,134.96,69.1,28.5,33.7,0.05,3.99,61.87,253.56,51.2,3.0
Norway,2000,142.52,142.11,0.0,0.03,141.82,0.0,0.41,25.75,99.7,0.0
Norway,2001,121.32,120.74,0.0,0.03,120.46,0.0,0.58,26.87,99.5,0.0
Norway,2002,130.24,129.7,0.0,0.08,129.37,0.0,0.54,26.49,99.6,0.0
Norway,2003,106.67,106.03,0.0,0.22,105.48,0.0,0.64,27.75,99.4,0.0
Norway,2004,110.1,109.39,0.0,0.25,108.78,0.0,0.71,27.88,99.4,0.0
Norway,2005,137.25,136.52,0.0,0.5,135.69,0.0,0.73,26.96,99.5,0.0
Norway,2006,121.22,120.4,0.0,0.64,119.37,0.0,0.82,27.88,99.3,0.0
Norway,2007,136.11,134.94,0.0,0.89,133.66,0.0,1.17,28.58,99.1,0.0
Norway,2008,141.19,140.35,0.0,0.91,139.04,0.0,0.84,27.48,99.4,0.0
Norway,2009,130.97,126.48,0.0,0.97,125.28,0.0,4.49,39.09,96.6,0.0
Norway,2010,123.14,117.96,0.0,0.87,116.74,0.0,5.18,42.88,95.8,0.0
Norway,2011,125.93,121.91,0.0,1.29,120.28,0.0,4.02,38.36,96.8,0.0
Norway,2012,146.18,143.59,0.0,1.54,141.72,0.0,2.59,32.15,98.2,0.0
Norway,2013,133.14,130.42,0.0,1.88,128.14,0.0,2.72,33.95,98.0,0.0
Norway,2014,140.88,137.94,0.0,2.22,135.47,0.0,2.94,33.93,97.9,0.0
Norway,2015,143.0,140.07,0.0,2.52,137.3,0.0,2.93,33.64,98.0,0.0
Norway,2016,148.03,145.15,0.0,2.11,142.81,0.0,2.88,33.1,98.1,0.0
Norway,2017,148.27,145.48,0.0,2.85,142.37,0.0,2.79,32.98,98.1,0.0
Norway,2018,145.94,143.05,0.0,3.87,138.98,0.0,2.89,33.1,98.0,0.0
Norway,2019,133.83,131.07,0.01,5.52,125.29,0.0,2.76,33.48,97.9,0.0
Norway,2020,154.32,152.03,0.08,9.91,141.8,0.0,2.29,30.39,98.5,0.0
Norway,2021,157.13,156.06,0.11,11.76,143.97,0.0,1.07,26.92,99.3,0.0
Norway,2022,145.42,143.45,0.17,14.8,128.24,0.0,1.97,29.64,98.6,0.0
Norway,2023,153.63,151.28,0.36,13.96,136.71,0.0,2.35,30.46,98.5,0.0
Norway,2024,157.11,154.92,0.53,14.6,139.55,0.0,2.19,29.66,98.6,0.0
Norway,2025,160.81,159.2,0.53,13.56,144.77,0.0,1.61,28.11,99.0,0.0
Poland,2000,143.18,2.33,0.0,0.0,2.11,0.0,140.85,954.6,1.6,0.0
Poland,2001,143.72,2.78,0.0,0.01,2.33,0.0,140.94,949.56,1.9,0.0
Poland,2002,142.49,2.77,0.0,0.06,2.28,0.0,139.72,945.61,1.9,0.0
Poland,2003,150.01,2.25,0.0,0.12,1.67,0.0,147.76,949.8,1.5,0.0
Poland,2004,152.54,3.2,0.0,0.14,2.08,0.0,149.34,941.26,2.1,0.0
Poland,2005,155.29,3.85,0.0,0.14,2.2,0.0,151.44,932.26,2.5,0.0
Poland,2006,160.7,4.29,0.0,0.26,2.04,0.0,156.41,931.92,2.7,0.0
Poland,2007,158.52,5.43,0.0,0.52,2.35,0.0,153.09,925.44,3.4,0.0
Poland,2008,154.5,6.61,0.0,0.84,2.15,0.0,147.89,918.51,4.3,0.0
Poland,2009,150.86,8.69,0.0,1.08,2.38,0.0,142.17,904.81,5.8,0.0
Poland,2010,156.77,10.88,0.0,1.66,2.92,0.0,145.89,893.03,6.9,0.0
Poland,2011,162.87,13.13,0.0,3.2,2.33,0.0,149.74,881.69,8.1,0.0
Poland,2012,161.48,16.88,0.0,4.75,2.04,0.0,144.6,860.79,10.5,0.0
Poland,2013,163.78,17.06,0.0,6.0,2.44,0.0,146.72,863.23,10.4,0.0
Poland,2014,158.35,19.85,0.01,7.68,2.18,0.0,138.5,844.08,12.5,0.0
Poland,2015,164.3,22.69,0.06,10.86,1.83,0.0,141.61,826.11,13.8,0.0
Poland,2016,166.0,22.81,0.12,12.59,2.14,0.0,143.19,818.55,13.7,0.0
Poland,2017,169.91,24.13,0.17,14.91,2.56,0.0,145.78,805.54,14.2,0.0
Poland,2018,169.43,21.62,0.3,12.8,1.97,0.0,147.81,809.01,12.8,0.0
Poland,2019,163.22,25.46,0.71,15.11,1.96,0.0,137.76,771.66,15.6,0.0
Poland,2020,157.15,28.23,1.96,15.8,2.12,0.0,128.92,738.28,18.0,0.0
Poland,2021,178.79,30.56,3.93,16.23,2.34,0.0,148.23,756.36,17.1,0.0
Poland,2022,178.6,37.69,8.31,19.78,1.97,0.0,140.91,732.48,21.1,0.0
Poland,2023,165.52,45.86,11.11,24.18,2.41,0.0,119.66,650.68,27.7,0.0
Poland,2024,172.12,53.61,17.66,25.89,2.11,0.0,118.51,608.18,31.1,0.0
Poland,2025,173.26,54.59,19.55,24.62,1.7,0.0,118.67,588.6,31.5,0.0
Portugal,2000,43.21,12.87,0.0,0.17,11.32,0.0,30.34,546.17,29.8,0.0
Portugal,2001,46.06,15.74,0.0,0.26,14.03,0.0,30.32,506.95,34.2,0.0
Portugal,2002,45.55,9.73,0.0,0.36,7.8,0.0,35.82,592.54,21.4,0.0
Portugal,2003,46.39,17.7,0.0,0.5,15.72,0.0,28.69,485.23,38.2,0.0
Portugal,2004,44.68,12.31,0.0,0.82,9.87,0.0,32.37,541.18,27.6,0.0
Portugal,2005,46.01,8.25,0.0,1.77,4.73,0.0,37.76,595.31,17.9,0.0
Portugal,2006,48.4,15.72,0.0,2.93,11.0,0.0,32.68,503.93,32.5,0.0
Portugal,2007,46.71,16.21,0.02,4.04,10.09,0.0,30.5,472.28,34.7,0.0
Portugal,2008,45.34,14.64,0.04,5.76,6.8,0.0,30.7,471.55,32.3,0.0
Portugal,2009,49.38,18.29,0.16,7.58,8.28,0.0,31.09,452.82,37.0,0.0
Portugal,2010,53.48,28.35,0.21,9.18,16.15,0.0,25.13,317.13,53.0,0.0
Portugal,2011,51.78,24.11,0.28,9.16,11.54,0.0,27.67,375.05,46.6,0.0
Portugal,2012,45.44,19.37,0.39,10.26,5.62,0.0,26.07,441.24,42.6,0.0
Portugal,2013,50.35,29.47,0.48,12.01,13.73,0.0,20.88,340.42,58.5,0.0
Portugal,2014,51.8,31.57,0.63,12.11,15.57,0.0,20.23,325.68,60.9,0.0
Portugal,2015,51.14,24.36,0.8,11.6,8.66,0.0,26.78,413.96,47.6,0.0
Portugal,2016,59.05,32.3,0.87,12.47,15.72,0.0,26.75,343.61,54.7,0.0
Portugal,2017,57.59,22.58,0.99,12.25,5.9,0.0,35.01,433.76,39.2,0.0
Portugal,2018,58.35,29.41,1.01,12.62,12.39,0.0,28.94,358.7,50.4,0.0
Portugal,2019,51.6,27.41,1.34,13.67,8.82,0.0,24.19,300.97,53.1,0.0
Portugal,2020,51.39,30.11,1.72,12.3,12.08,0.0,21.28,248.3,58.6,0.0
Portugal,2021,49.22,31.54,2.24,13.21,11.91,0.0,17.68,210.48,64.1,0.0
Portugal,2022,46.33,27.61,3.52,13.25,6.54,0.0,18.72,225.34,59.6,0.0
Portugal,2023,46.14,34.36,5.16,13.15,12.04,0.0,11.78,158.43,74.5,0.0
Portugal,2024,47.27,40.27,7.09,14.34,14.89,0.0,7.0,110.64,85.2,0.0
Portugal,2025,51.13,41.39,8.86,13.67,15.18,0.0,9.74,127.91,81.0,0.0
Romania,2000,51.56,14.78,0.0,0.0,14.78,5.46,31.32,513.77,28.7,10.6
Romania,2001,53.55,14.92,0.0,0.0,14.92,5.45,33.18,524.56,27.9,10.2
Romania,2002,54.42,16.05,0.0,0.0,16.05,5.51,32.86,515.07,29.5,10.1
Romania,2003,54.84,13.26,0.0,0.0,13.26,4.91,36.67,573.85,24.2,9.0
Romania,2004,56.47,16.51,0.0,0.0,16.51,5.55,34.41,518.15,29.2,9.8
Romania,2005,59.33,20.22,0.0,0.0,20.21,5.55,33.56,489.97,34.1,9.4
Romania,2006,62.56,18.36,0.0,0.0,18.36,5.63,38.57,530.37,29.3,9.0
Romania,2007,61.56,16.01,0.0,0.0,15.97,7.71,37.84,529.73,26.0,12.5
Romania,2008,64.86,17.22,0.0,0.0,17.2,11.23,36.41,497.53,26.5,17.3
Romania,2009,57.59,15.55,0.0,0.01,15.53,11.75,30.29,469.7,27.0,20.4
Romania,2010,60.42,20.3,0.0,0.31,19.88,11.62,28.5,424.53,33.6,19.2
Romania,2011,61.8,16.32,0.0,1.39,14.73,11.75,33.73,490.62,26.4,19.0
Romania,2012,58.54,14.93,0.01,2.64,12.07,11.47,32.14,486.85,25.5,19.6
Romania,2013,58.19,20.15,0.42,4.52,14.96,11.62,26.42,389.76,34.6,20.0
Romania,2014,64.92,27.12,1.62,6.2,18.8,11.68,26.12,357.06,41.8,18.0
Romania,2015,65.66,26.19,1.98,7.06,16.63,11.64,27.83,369.02,39.9,17.7
Romania,2016,64.22,26.97,1.82,6.59,18.03,11.29,25.96,345.38,42.0,17.6
Romania,2017,63.54,24.29,1.86,7.41,14.49,11.51,27.74,369.22,38.2,18.1
Romania,2018,64.07,26.19,1.77,6.32,17.66,11.38,26.5,348.06,40.9,17.8
Romania,2019,58.76,24.63,1.78,6.77,15.58,11.28,22.85,328.97,41.9,19.2
Romania,2020,55.21,24.61,1.73,6.95,15.38,11.47,19.13,277.85,44.6,20.8
Romania,2021,58.56,26.34,1.7,6.58,17.41,11.28,20.94,289.96,45.0,19.3
Romania,2022,54.74,23.62,1.99,7.0,13.98,11.09,20.03,297.77,43.1,20.3
Romania,2023,56.95,28.36,2.23,7.55,18.14,11.19,17.4,243.2,49.8,19.6
Romania,2024,52.72,24.52,3.42,6.43,14.19,10.91,17.29,251.33,46.5,20.7
Romania,2025,49.81,23.43,4.88,5.97,12.09,10.2,16.18,250.75,47.0,20.5
Spain,2000,220.92,34.49,0.01,4.73,28.26,62.21,124.22,470.89,15.6,28.2
Spain,2001,233.07,49.3,0.02,6.76,40.89,63.71,120.06,422.49,21.2,27.3
Spain,2002,239.91,33.17,0.02,9.34,21.22,63.02,143.72,481.89,13.8,26.3
Spain,2003,257.3,55.75,0.02,12.07,40.48,61.88,139.67,429.23,21.7,24.0
Spain,2004,276.61,50.13,0.02,15.7,31.08,63.61,162.87,449.12,18.1,23.0
Spain,2005,289.46,42.27,0.05,21.18,18.39,57.54,189.65,475.06,14.6,19.9
Spain,2006,295.59,52.15,0.12,23.3,25.96,60.13,183.31,432.76,17.6,20.3
Spain,2007,301.86,58.3,0.52,27.57,27.31,55.1,188.46,438.85,19.3,18.3
Spain,2008,309.79,62.15,2.58,32.95,23.36,58.97,188.67,390.23,20.1,19.0
Spain,2009,290.72,74.08,6.06,38.12,26.41,52.76,163.88,355.02,25.5,18.1
Spain,2010,297.8,97.77,7.19,44.27,42.3,61.99,138.04,288.25,32.8,20.8
Spain,2011,291.54,87.53,9.4,42.92,30.6,57.72,146.29,337.28,30.0,19.8
Spain,2012,293.95,86.97,11.97,49.47,20.55,61.47,145.51,351.11,29.6,20.9
Spain,2013,281.46,111.41,13.1,55.64,36.87,56.73,113.32,286.86,39.6,20.2
Spain,2014,274.44,110.26,13.67,52.01,39.17,57.31,106.87,288.99,40.2,20.9
Spain,2015,277.17,97.08,13.86,49.32,28.14,57.2,122.89,328.5,35.0,20.6
Spain,2016,270.7,104.63,13.64,48.9,36.4,58.63,107.44,282.93,38.7,21.7
Spain,2017,272.38,87.93,14.4,49.13,18.32,58.04,126.41,329.17,32.3,21.3
Spain,2018,271.4,103.87,12.74,50.89,34.33,55.77,111.76,290.86,38.3,20.5
Spain,2019,270.52,100.99,15.1,55.65,24.65,58.35,111.18,246.67,37.3,21.6
Spain,2020,259.47,113.79,20.67,56.44,30.51,58.3,87.38,199.1,43.9,22.5
Spain,2021,270.75,125.75,27.1,62.06,29.63,56.56,88.44,193.54,46.4,20.9
Spain,2022,287.15,122.91,35.72,62.78,17.59,58.59,105.65,217.13,42.8,20.4
Spain,2023,279.11,143.78,48.59,64.28,25.0,56.87,78.46,169.68,51.5,20.4
Spain,2024,280.94,161.08,58.29,62.2,34.41,54.53,65.33,146.22,57.3,19.4
Spain,2025,287.89,160.81,62.9,58.76,32.74,54.07,73.01,153.6,55.9,18.8
Sweden,2000,145.23,83.14,0.0,0.46,78.58,57.32,4.77,44.89,57.2,39.5
Sweden,2001,161.6,83.32,0.0,0.48,79.06,72.11,6.17,46.78,51.6,44.6
Sweden,2002,146.7,71.15,0.0,0.61,66.36,68.11,7.44,56.24,48.5,46.4
Sweden,2003,135.39,58.73,0.0,0.68,53.54,67.42,9.24,68.54,43.4,49.8
Sweden,2004,151.56,68.18,0.0,0.86,60.12,77.49,5.89,48.03,45.0,51.1
Sweden,2005,158.36,81.22,0.0,0.93,72.8,72.38,4.76,43.13,51.3,45.7
Sweden,2006,143.28,71.06,0.0,0.98,61.72,66.98,5.24,49.69,49.6,46.7
Sweden,2007,148.82,77.43,0.0,1.43,66.16,66.97,4.42,46.03,52.0,45.0
Sweden,2008,149.9,81.41,0.0,2.0,69.07,63.89,4.6,47.83,54.3,42.6
Sweden,2009,136.6,79.81,0.01,2.49,65.85,52.17,4.62,51.1,58.4,38.2
Sweden,2010,148.45,82.09,0.01,3.49,66.4,57.83,8.53,63.73,55.3,39.0
Sweden,2011,150.28,84.09,0.01,6.11,66.43,60.47,5.72,52.3,56.0,40.2
Sweden,2012,166.44,98.31,0.02,7.17,78.93,64.04,4.09,44.7,59.1,38.5
Sweden,2013,153.03,82.69,0.04,9.84,61.36,66.46,3.88,44.7,54.0,43.4
Sweden,2014,153.56,85.75,0.05,11.24,63.76,64.88,2.93,40.18,55.8,42.3
Sweden,2015,162.0,102.5,0.1,16.32,75.31,56.35,3.15,40.86,63.3,34.8
Sweden,2016,155.89,89.13,0.14,15.48,62.02,63.1,3.66,42.98,57.2,40.5
Sweden,2017,164.23,95.06,0.23,17.61,65.14,65.7,3.47,42.5,57.9,40.0
Sweden,2018,163.36,91.15,0.41,16.62,62.21,68.55,3.66,42.73,55.8,42.0
Sweden,2019,168.42,98.94,0.68,19.85,65.37,66.13,3.35,42.34,58.7,39.3
Sweden,2020,163.78,112.14,1.05,27.52,72.39,49.2,2.44,38.71,68.5,30.0
Sweden,2021,171.78,115.75,1.53,27.25,73.89,52.97,3.06,41.74,67.4,30.8
Sweden,2022,173.05,118.23,1.98,33.25,69.87,51.94,2.88,41.03,68.3,30.0
Sweden,2023,166.05,115.25,3.11,34.25,66.19,48.47,2.33,38.42,69.4,29.2
Sweden,2024,172.15,119.4,4.16,40.45,64.61,50.67,2.08,34.91,69.4,29.4
Sweden,2025,170.71,121.53,4.43,38.9,68.24,47.1,2.08,35.26,71.2,27.6
Switzerland,2000,66.12,37.68,0.01,0.0,36.83,26.45,1.99,33.58,57.0,40.0
Switzerland,2001,71.05,42.2,0.01,0.0,41.31,26.81,2.04,33.36,59.4,37.7
Switzerland,2002,65.41,36.1,0.01,0.0,35.17,27.23,2.08,34.25,55.2,41.6
Switzerland,2003,65.34,35.72,0.02,0.0,34.76,27.49,2.13,34.44,54.7,42.1
Switzerland,2004,63.87,34.76,0.02,0.01,33.75,26.96,2.15,35.23,54.4,42.2
Switzerland,2005,57.8,32.29,0.02,0.01,31.23,23.34,2.17,38.06,55.9,40.4
Switzerland,2006,62.13,32.13,0.02,0.01,30.96,27.82,2.18,36.21,51.7,44.8
Switzerland,2007,66.43,36.48,0.03,0.02,35.25,27.92,2.03,34.47,54.9,42.0
Switzerland,2008,67.04,37.33,0.04,0.02,36.04,27.7,2.01,34.16,55.7,41.3
Switzerland,2009,66.67,37.03,0.05,0.02,35.72,27.69,1.95,34.05,55.5,41.5
Switzerland,2010,66.05,37.47,0.09,0.04,36.06,26.34,2.24,35.88,56.7,39.9
Switzerland,2011,62.88,34.02,0.17,0.07,32.39,26.71,2.15,36.26,54.1,42.5
Switzerland,2012,68.13,40.53,0.3,0.09,38.6,25.44,2.16,36.25,59.5,37.3
Switzerland,2013,68.69,40.67,0.5,0.09,38.46,25.99,2.03,35.52,59.2,37.8
Switzerland,2014,70.08,40.67,0.84,0.1,38.04,27.56,1.85,34.39,58.0,39.3
Switzerland,2015,66.07,41.12,1.12,0.11,38.26,23.09,1.86,35.57,62.2,34.9
Switzerland,2016,61.1,37.81,1.33,0.11,34.62,21.15,2.14,39.44,61.9,34.6
Switzerland,2017,60.15,37.76,1.68,0.13,34.09,20.38,2.01,39.73,62.8,33.9
Switzerland,2018,66.29,38.88,1.95,0.12,34.98,25.51,1.9,36.05,58.7,38.5
Switzerland,2019,70.57,42.25,2.18,0.15,38.04,26.42,1.9,35.28,59.9,37.4
Switzerland,2020,68.5,42.61,2.6,0.15,37.87,24.02,1.87,36.64,62.2,35.1
Switzerland,2021,63.09,42.01,2.84,0.14,36.96,19.36,1.72,38.52,66.6,30.7
Switzerland,2022,61.72,35.99,3.86,0.15,29.9,24.15,1.58,37.27,58.3,39.1
Switzerland,2023,70.07,44.26,4.62,0.17,37.39,24.38,1.43,34.82,63.2,34.8
Switzerland,2024,78.37,52.86,5.66,0.18,44.94,24.02,1.49,34.58,67.4,30.6
Switzerland,2025,65.02,44.1,7.89,0.14,33.99,19.42,1.5,39.22,67.8,29.9
United Kingdom,2000,377.06,9.91,0.0,0.94,5.09,85.06,282.09,521.99,2.6,22.6
United Kingdom,2001,384.77,9.54,0.0,0.96,4.05,90.09,285.14,528.99,2.5,23.4
United Kingdom,2002,387.24,11.12,0.0,1.25,4.79,87.85,288.27,520.89,2.9,22.7
United Kingdom,2003,398.21,10.69,0.0,1.29,3.23,88.69,298.83,536.78,2.7,22.3
United Kingdom,2004,393.92,14.14,0.0,1.94,4.84,80.0,299.78,536.02,3.6,20.3
United Kingdom,2005,398.35,16.93,0.01,2.9,4.92,81.62,299.8,535.26,4.3,20.5
United Kingdom,2006,397.27,18.1,0.01,4.22,4.59,75.45,303.72,559.34,4.6,19.0
United Kingdom,2007,396.81,19.68,0.01,5.27,5.08,63.03,314.1,556.06,5.0,15.9
United Kingdom,2008,388.96,21.94,0.02,7.13,5.14,52.49,314.53,554.38,5.6,13.5
United Kingdom,2009,376.76,25.24,0.02,9.28,5.23,69.1,282.42,504.65,6.7,18.3
United Kingdom,2010,382.06,26.18,0.04,10.29,3.59,62.14,293.74,517.2,6.9,16.3
United Kingdom,2011,367.97,35.2,0.24,15.96,5.69,68.98,263.79,499.63,9.6,18.7
United Kingdom,2012,363.87,41.24,1.35,19.84,5.31,70.41,252.22,537.23,11.3,19.4
United Kingdom,2013,358.28,53.21,2.01,28.4,4.7,70.61,234.46,506.92,14.9,19.7
United Kingdom,2014,338.08,64.51,4.05,31.95,5.89,63.75,209.82,462.88,19.1,18.9
United Kingdom,2015,338.87,83.36,7.53,40.27,6.3,70.34,185.17,397.79,24.6,20.8
United Kingdom,2016,339.18,83.01,10.41,37.16,5.37,71.73,184.44,333.45,24.5,21.1
United Kingdom,2017,338.22,98.89,11.46,49.65,5.88,70.34,168.99,302.2,29.2,20.8
United Kingdom,2018,333.76,110.14,12.67,56.91,5.44,65.06,158.56,285.65,33.0,19.5
United Kingdom,2019,327.19,119.74,12.42,63.84,5.93,56.18,151.27,268.41,36.6,17.2
United Kingdom,2020,310.3,133.63,12.55,75.62,6.88,50.24,126.43,242.54,43.1,16.2
United Kingdom,2021,307.9,122.49,12.13,64.93,5.42,46.1,139.31,267.1,39.8,15.0
United Kingdom,2022,324.58,135.06,13.34,80.21,5.66,47.4,142.12,254.98,41.6,14.6
United Kingdom,2023,292.53,135.67,13.88,82.15,5.54,40.6,116.26,235.63,46.4,13.9
United Kingdom,2024,284.16,143.92,14.79,83.28,5.76,40.59,99.65,216.5,50.6,14.3
United Kingdom,2025,292.31,151.92,19.32,85.84,5.55,36.38,104.01,217.41,52.0,12.4
